Query,Query url,Query description,Result,Result url,Result description,User evaluation

AKSW/SPARQL2NL,https://github.com/jsonld-java/jsonld-java,converts SPARQL queries to natural language expressions,jsonld-java/jsonld-java,https://github.com/AKSW/SPARQL2NL,JSON-LD implementation for Java,2
AKSW/SPARQL2NL,https://github.com/AskNowQA/AutoSPARQL,converts SPARQL queries to natural language expressions,AskNowQA/AutoSPARQL,https://github.com/AKSW/SPARQL2NL,Warning: Not working at the moment. Maintainer on parental leave. AutoSPARQL allows to create SPARQL queries over RDF knowledge bases from natural language with low effort.,4
AKSW/SPARQL2NL,https://github.com/claudiomartella/dbpedia4neo,converts SPARQL queries to natural language expressions,claudiomartella/dbpedia4neo,https://github.com/AKSW/SPARQL2NL,A set of hacks to setup a dbpedia endpoint through neo4j,1
AKSW/SPARQL2NL,https://github.com/galan/packtag,converts SPARQL queries to natural language expressions,galan/packtag,https://github.com/AKSW/SPARQL2NL,A JSP Taglib for delivering minified; combined and gzip-compressed resources (JavaScript and CSS).,1
AKSW/SPARQL2NL,https://github.com/AKSW/jena-sparql-api,converts SPARQL queries to natural language expressions,AKSW/jena-sparql-api,https://github.com/AKSW/SPARQL2NL,A collection of Jena-extensions for hiding SPARQL-complexity from the application layer,4

AKSW/Sparqlify,https://github.com/11039850/monalisa-orm,Sparql -> SQL Rewriter enabling virtual RDB -> RDF mappings,11039850/monalisa-orm,https://github.com/AKSW/Sparqlify,Very Simple ORM,1
AKSW/Sparqlify,https://github.com/crazyacking/zeekEye,Sparql -> SQL Rewriter enabling virtual RDB -> RDF mappings,crazyacking/zeekEye,https://github.com/AKSW/Sparqlify,:octocat:A Fast and Powerful Scraping and Web Crawling Framework.,2
AKSW/Sparqlify,https://github.com/rdfhdt/hdt-java,Sparql -> SQL Rewriter enabling virtual RDB -> RDF mappings,rdfhdt/hdt-java,https://github.com/AKSW/Sparqlify,HDT Java library and tools.,3
AKSW/Sparqlify,https://github.com/castagna/jena-examples,Sparql -> SQL Rewriter enabling virtual RDB -> RDF mappings,castagna/jena-examples,https://github.com/AKSW/Sparqlify,A collection of ready to use; small and self contained examples on how to use Apache Jena,3
AKSW/Sparqlify,https://github.com/AKSW/jena-sparql-api,Sparql -> SQL Rewriter enabling virtual RDB -> RDF mappings,AKSW/jena-sparql-api,https://github.com/AKSW/Sparqlify,A collection of Jena-extensions for hiding SPARQL-complexity from the application layer,4

asakusafw/asakusafw,https://github.com/visallo/vertexium,Asakusa Framework,visallo/vertexium,https://github.com/asakusafw/asakusafw,Vertexium; similar to Blueprints but secure.,1
asakusafw/asakusafw,https://github.com/jcabi/jcabi-xml,Asakusa Framework,jcabi/jcabi-xml,https://github.com/asakusafw/asakusafw,Java XML Parsing; Transforming; Printing; and Validating,1
asakusafw/asakusafw,https://github.com/davidB/metrics-influxdb,Asakusa Framework,davidB/metrics-influxdb,https://github.com/asakusafw/asakusafw,A reporter for metrics which announces measurements to an InfluxDB server.,1
asakusafw/asakusafw,https://github.com/zalando-stups/java-sproc-wrapper,Asakusa Framework,zalando-stups/java-sproc-wrapper,https://github.com/asakusafw/asakusafw,Java Stored Procedure Wrapper: Calling PostgreSQL stored procedures from Java,1
asakusafw/asakusafw,https://github.com/jamesmorgan/ReloadablePropertiesAnnotation,Asakusa Framework,jamesmorgan/ReloadablePropertiesAnnotation,https://github.com/asakusafw/asakusafw,Dynamic property configurations reload during runtime utilising Java 7 WatchService API; Google Guava and Spring 3.2.5,1

AskNowQA/AutoSPARQL,https://github.com/GeeQuery/ef-orm,Warning: Not working at the moment. Maintainer on parental leave. AutoSPARQL allows to create SPARQL queries over RDF knowledge bases from natural language with low effort.,GeeQuery/ef-orm,https://github.com/AskNowQA/AutoSPARQL,A lightweight OR-Mapping framework which supports multiple databases.,2
AskNowQA/AutoSPARQL,https://github.com/huangchen007/elasticsearch-rest-command,Warning: Not working at the moment. Maintainer on parental leave. AutoSPARQL allows to create SPARQL queries over RDF knowledge bases from natural language with low effort.,huangchen007/elasticsearch-rest-command,https://github.com/AskNowQA/AutoSPARQL,Restful pipeline command support plugin for Elasticsearch,2
AskNowQA/AutoSPARQL,https://github.com/nilsbraden/ttrss-reader-fork,Warning: Not working at the moment. Maintainer on parental leave. AutoSPARQL allows to create SPARQL queries over RDF knowledge bases from natural language with low effort.,nilsbraden/ttrss-reader-fork,https://github.com/AskNowQA/AutoSPARQL,An Android-Client for the self-hosted Tiny Tiny RSS feedreader,1
AskNowQA/AutoSPARQL,https://github.com/jsonld-java/jsonld-java,Warning: Not working at the moment. Maintainer on parental leave. AutoSPARQL allows to create SPARQL queries over RDF knowledge bases from natural language with low effort.,jsonld-java/jsonld-java,https://github.com/AskNowQA/AutoSPARQL,JSON-LD implementation for Java,3
AskNowQA/AutoSPARQL,https://github.com/galan/packtag,Warning: Not working at the moment. Maintainer on parental leave. AutoSPARQL allows to create SPARQL queries over RDF knowledge bases from natural language with low effort.,galan/packtag,https://github.com/AskNowQA/AutoSPARQL,A JSP Taglib for delivering minified; combined and gzip-compressed resources (JavaScript and CSS).,1

blackberry/KaBoom,https://github.com/xebia/Xebium,A High Performance Cluster Consumer for Kafka that creates Avro (boom) files in Hadoop in time based directory paths,xebia/Xebium,https://github.com/blackberry/KaBoom,Xebium provides Selenium (webdriver) bindings for FitNesse; with Selenium-IDE support,1
blackberry/KaBoom,https://github.com/darren-fu/RestyPass,A High Performance Cluster Consumer for Kafka that creates Avro (boom) files in Hadoop in time based directory paths,darren-fu/RestyPass,https://github.com/blackberry/KaBoom,High performance Restful services call client library; support service discovery; load balance; circuit breaker; service fallback; retry; traffic limit.,1
blackberry/KaBoom,https://github.com/kakaochatfriend/KakaoChatFriendAPI,A High Performance Cluster Consumer for Kafka that creates Avro (boom) files in Hadoop in time based directory paths,kakaochatfriend/KakaoChatFriendAPI,https://github.com/blackberry/KaBoom,카카오 채팅 친구 API 구현 라이브러리,1
blackberry/KaBoom,https://github.com/rdfhdt/hdt-java,A High Performance Cluster Consumer for Kafka that creates Avro (boom) files in Hadoop in time based directory paths,rdfhdt/hdt-java,https://github.com/blackberry/KaBoom,HDT Java library and tools.,1
blackberry/KaBoom,https://github.com/kijiproject/kiji-bento,A High Performance Cluster Consumer for Kafka that creates Avro (boom) files in Hadoop in time based directory paths,kijiproject/kiji-bento,https://github.com/blackberry/KaBoom,Kiji BentoBox: Developer SDK for Kiji including a standalone zero-configuration HBase micro-cluster,1

bonigarcia/webdrivermanager,https://github.com/dadoonet/spring-elasticsearch,Automatic Selenium WebDriver binaries management in runtime for Java,dadoonet/spring-elasticsearch,https://github.com/bonigarcia/webdrivermanager,Spring factories for elasticsearch,2
bonigarcia/webdrivermanager,https://github.com/Teradata/kylo,Automatic Selenium WebDriver binaries management in runtime for Java,Teradata/kylo,https://github.com/bonigarcia/webdrivermanager,Kylo is a data lake management software platform and framework for enabling scalable enterprise-class data lakes on Apache Hadoop and Spark. Kylo is licensed under Apache 2.0 and contributed by Think Big; A Teradata Company,4
bonigarcia/webdrivermanager,https://github.com/Protocoder/Protocoder,Automatic Selenium WebDriver binaries management in runtime for Java,Protocoder/Protocoder,https://github.com/bonigarcia/webdrivermanager,A prototyping framework for Android devices,1
bonigarcia/webdrivermanager,https://github.com/yandex-qatools/embedded-services,Automatic Selenium WebDriver binaries management in runtime for Java,yandex-qatools/embedded-services,https://github.com/bonigarcia/webdrivermanager,Embedded MongoDB/PostgreSQL for your tests,2
bonigarcia/webdrivermanager,https://github.com/dCache/dcache,Automatic Selenium WebDriver binaries management in runtime for Java,dCache/dcache,https://github.com/bonigarcia/webdrivermanager,dCache - a system for storing and retrieving huge amounts of data; distributed among a large number of heterogenous server nodes; under a single virtual filesystem tree with a variety of standard access methods,3

caelum/vraptor,https://github.com/FluentLenium/FluentLenium,Simple Java Web MVC Framework,FluentLenium/FluentLenium,https://github.com/caelum/vraptor,FluentLenium helps you writing readable; reusable; reliable and resilient UI functional tests for the browser.,2
caelum/vraptor,https://github.com/oberasoftware/jasdb,Simple Java Web MVC Framework,oberasoftware/jasdb,https://github.com/caelum/vraptor,JasDB OpenSource NoSQL Java based Database,2
caelum/vraptor,https://github.com/Raizlabs/DBFlow,Simple Java Web MVC Framework,Raizlabs/DBFlow,https://github.com/caelum/vraptor,A blazing fast; powerful; and very simple ORM android database library that writes database code for you.,1
caelum/vraptor,https://github.com/caelum/restfulie-java,Simple Java Web MVC Framework,caelum/restfulie-java,https://github.com/caelum/vraptor,restfulie implementation in java; with support to vraptor,4
caelum/vraptor,https://github.com/caelum/vraptor4,Simple Java Web MVC Framework,caelum/vraptor4,https://github.com/caelum/vraptor,A Java web MVC action-based framework,4

caelum/vraptor4,https://github.com/FluentLenium/FluentLenium,A Java web MVC action-based framework,FluentLenium/FluentLenium,https://github.com/caelum/vraptor4,FluentLenium helps you writing readable; reusable; reliable and resilient UI functional tests for the browser.,2
caelum/vraptor4,https://github.com/oberasoftware/jasdb,A Java web MVC action-based framework,oberasoftware/jasdb,https://github.com/caelum/vraptor4,JasDB OpenSource NoSQL Java based Database,2
caelum/vraptor4,https://github.com/Raizlabs/DBFlow,A Java web MVC action-based framework,Raizlabs/DBFlow,https://github.com/caelum/vraptor4,A blazing fast; powerful; and very simple ORM android database library that writes database code for you.,1
caelum/vraptor4,https://github.com/caelum/restfulie-java,A Java web MVC action-based framework,caelum/restfulie-java,https://github.com/caelum/vraptor4,restfulie implementation in java; with support to vraptor,4
caelum/vraptor4,https://github.com/caelum/vraptor,A Java web MVC action-based framework,caelum/vraptor,https://github.com/caelum/vraptor4,Simple Java Web MVC Framework,4

codelibs/elasticsearch-cluster-runner,https://github.com/eBay/cassandra-river,Elasticsearch Cluster Launcher on One JVM Instance,eBay/cassandra-river,https://github.com/codelibs/elasticsearch-cluster-runner,Cassandra river for Elastic search.,2
codelibs/elasticsearch-cluster-runner,https://github.com/jprante/elasticsearch-oai,Elasticsearch Cluster Launcher on One JVM Instance,jprante/elasticsearch-oai,https://github.com/codelibs/elasticsearch-cluster-runner,OAI client for Elasticsearch,3
codelibs/elasticsearch-cluster-runner,https://github.com/jloisel/elastic-crud,Elasticsearch Cluster Launcher on One JVM Instance,jloisel/elastic-crud,https://github.com/codelibs/elasticsearch-cluster-runner,Simple yet elegant ElasticSearch Crud Repository.,2
codelibs/elasticsearch-cluster-runner,https://github.com/ameizi/elasticsearch-jest-example,Elasticsearch Cluster Launcher on One JVM Instance,ameizi/elasticsearch-jest-example,https://github.com/codelibs/elasticsearch-cluster-runner,ElasticSearch Java Rest Client Examples,2
codelibs/elasticsearch-cluster-runner,https://github.com/Salaboy/emergency-service-drools-app,Elasticsearch Cluster Launcher on One JVM Instance,Salaboy/emergency-service-drools-app,https://github.com/codelibs/elasticsearch-cluster-runner,Emergency Service Drools Application,1

conductor-framework/conductor,https://github.com/marklogic/java-client-api,The Selenium framework that takes you where you want to go,marklogic/java-client-api,https://github.com/conductor-framework/conductor,Java client for the MarkLogic enterprise NoSQL database,1
conductor-framework/conductor,https://github.com/arquillian/arquillian-graphene,The Selenium framework that takes you where you want to go,arquillian/arquillian-graphene,https://github.com/conductor-framework/conductor,Robust Functional Tests leveraging WebDriver with flavour of neat AJAX-ready API,4
conductor-framework/conductor,https://github.com/Cognifide/bobcat,The Selenium framework that takes you where you want to go,Cognifide/bobcat,https://github.com/conductor-framework/conductor,Bobcat is an automated testing framework for functional testing of web applications.,4
conductor-framework/conductor,https://github.com/searchisko/elasticsearch-river-jira,The Selenium framework that takes you where you want to go,searchisko/elasticsearch-river-jira,https://github.com/conductor-framework/conductor,JIRA River Plugin for Elasticsearch,3
conductor-framework/conductor,https://github.com/jacum/icefaces-archetype,The Selenium framework that takes you where you want to go,jacum/icefaces-archetype,https://github.com/conductor-framework/conductor,Maven webapp project with JSF/ICEFaces; MyFaces; Jetty; Spring Core; Spring Security; Selenium; JRebel for quick start.,3

Conductor/kangaroo,https://github.com/SpringOne2GX-2014/reactive-geocoder,Hadoop utilities for Kafka; S3; and more,SpringOne2GX-2014/reactive-geocoder,https://github.com/Conductor/kangaroo,Reactive Geocoding Demo,1
Conductor/kangaroo,https://github.com/fcrepo4/fcrepo4,Hadoop utilities for Kafka; S3; and more,fcrepo4/fcrepo4,https://github.com/Conductor/kangaroo,Fedora 4,2
Conductor/kangaroo,https://github.com/Aconex/scrutineer,Hadoop utilities for Kafka; S3; and more,Aconex/scrutineer,https://github.com/Conductor/kangaroo,Compares a source of truth sorted stream with another to find mismatches.  Designed for verifying indexes such as ElasticSearch & Solr are synchronized with their source of data (usually a DB),1
Conductor/kangaroo,https://github.com/codegist/crest,Hadoop utilities for Kafka; S3; and more,codegist/crest,https://github.com/Conductor/kangaroo,CRest - Client REST,1
Conductor/kangaroo,https://github.com/Knewton/KassandraMRHelper,Hadoop utilities for Kafka; S3; and more,Knewton/KassandraMRHelper,https://github.com/Conductor/kangaroo,Library for processing Cassandra SSTables with Hadoop MapReduce.,2

dadoonet/spring-elasticsearch,https://github.com/regunathb/Trooper,Spring factories for elasticsearch,regunathb/Trooper,https://github.com/dadoonet/spring-elasticsearch,Trooper is a Java-module like framework for building applications using one of the supported runtime profiles. Currently supported profiles include Batch; Service and Orchestration. It additionally has a number of useful libraries that may be used independently of the Trooper runtime.,1
dadoonet/spring-elasticsearch,https://github.com/asakusafw/asakusafw,Spring factories for elasticsearch,asakusafw/asakusafw,https://github.com/dadoonet/spring-elasticsearch,Asakusa Framework,1
dadoonet/spring-elasticsearch,https://github.com/davidB/metrics-influxdb,Spring factories for elasticsearch,davidB/metrics-influxdb,https://github.com/dadoonet/spring-elasticsearch,A reporter for metrics which announces measurements to an InfluxDB server.,2
dadoonet/spring-elasticsearch,https://github.com/zalando-stups/java-sproc-wrapper,Spring factories for elasticsearch,zalando-stups/java-sproc-wrapper,https://github.com/dadoonet/spring-elasticsearch,Java Stored Procedure Wrapper: Calling PostgreSQL stored procedures from Java,1
dadoonet/spring-elasticsearch,https://github.com/jamesmorgan/ReloadablePropertiesAnnotation,Spring factories for elasticsearch,jamesmorgan/ReloadablePropertiesAnnotation,https://github.com/dadoonet/spring-elasticsearch,Dynamic property configurations reload during runtime utilising Java 7 WatchService API; Google Guava and Spring 3.2.5,1

datasalt/pangool,https://github.com/Azure/azure-documentdb-hadoop,Tuple MapReduce for Hadoop: Hadoop API made easy,Azure/azure-documentdb-hadoop,https://github.com/datasalt/pangool, ,3
datasalt/pangool,https://github.com/castagna/jena-grande,Tuple MapReduce for Hadoop: Hadoop API made easy,castagna/jena-grande,https://github.com/datasalt/pangool, ,2
datasalt/pangool,https://github.com/laserson/avro2parquet,Tuple MapReduce for Hadoop: Hadoop API made easy,laserson/avro2parquet,https://github.com/datasalt/pangool,Hadoop MapReduce tool to convert Avro data files to Parquet format.,3
datasalt/pangool,https://github.com/msathis/SQLToNoSQLImporter,Tuple MapReduce for Hadoop: Hadoop API made easy,msathis/SQLToNoSQLImporter,https://github.com/datasalt/pangool,Solr like data import handler to migrate data from sql systems to nosql,1
datasalt/pangool,https://github.com/alexholmes/hadoop-utils,Tuple MapReduce for Hadoop: Hadoop API made easy,alexholmes/hadoop-utils,https://github.com/datasalt/pangool,A set of Hadoop utilities to make working with Hadoop a little easier.,2

elastic/elasticsearch-metrics-reporter-java,https://github.com/asakusafw/asakusafw,Metrics reporter; which reports to elasticsearch,asakusafw/asakusafw,https://github.com/elastic/elasticsearch-metrics-reporter-java,Asakusa Framework,1
elastic/elasticsearch-metrics-reporter-java,https://github.com/javanna/elasticsearch-river-solr,Metrics reporter; which reports to elasticsearch,javanna/elasticsearch-river-solr,https://github.com/elastic/elasticsearch-metrics-reporter-java,Solr River plugin for elasticsearch,3
elastic/elasticsearch-metrics-reporter-java,https://github.com/jamesmorgan/ReloadablePropertiesAnnotation,Metrics reporter; which reports to elasticsearch,jamesmorgan/ReloadablePropertiesAnnotation,https://github.com/elastic/elasticsearch-metrics-reporter-java,Dynamic property configurations reload during runtime utilising Java 7 WatchService API; Google Guava and Spring 3.2.5,1
elastic/elasticsearch-metrics-reporter-java,https://github.com/davidB/metrics-influxdb,Metrics reporter; which reports to elasticsearch,davidB/metrics-influxdb,https://github.com/elastic/elasticsearch-metrics-reporter-java,A reporter for metrics which announces measurements to an InfluxDB server.,2
elastic/elasticsearch-metrics-reporter-java,https://github.com/dadoonet/spring-elasticsearch,Metrics reporter; which reports to elasticsearch,dadoonet/spring-elasticsearch,https://github.com/elastic/elasticsearch-metrics-reporter-java,Spring factories for elasticsearch,1

elastic/elasticsearch-support-diagnostics,https://github.com/JFanZhao/spider,Support diagnostics utility for elasticsearch and logstash,JFanZhao/spider,https://github.com/elastic/elasticsearch-support-diagnostics,使用java+httpclient+httpcleaner，多线程、分布式爬去电商网站商品信息，数据存储在hbase上，并使用solr对商品建立索引，使用redis队列存储一个共享的url仓库；使用zookeeper对爬虫节点生命周期进行监视等。,1
elastic/elasticsearch-support-diagnostics,https://github.com/kijiproject/kiji-bento,Support diagnostics utility for elasticsearch and logstash,kijiproject/kiji-bento,https://github.com/elastic/elasticsearch-support-diagnostics,Kiji BentoBox: Developer SDK for Kiji including a standalone zero-configuration HBase micro-cluster,1
elastic/elasticsearch-support-diagnostics,https://github.com/bupt1987/JgFramework,Support diagnostics utility for elasticsearch and logstash,bupt1987/JgFramework,https://github.com/elastic/elasticsearch-support-diagnostics,基于Netty的强大的游戏服务器框架,1
elastic/elasticsearch-support-diagnostics,https://github.com/Teradata/kylo,Support diagnostics utility for elasticsearch and logstash,Teradata/kylo,https://github.com/elastic/elasticsearch-support-diagnostics,Kylo is a data lake management software platform and framework for enabling scalable enterprise-class data lakes on Apache Hadoop and Spark. Kylo is licensed under Apache 2.0 and contributed by Think Big; A Teradata Company,2
elastic/elasticsearch-support-diagnostics,https://github.com/rdfhdt/hdt-java,Support diagnostics utility for elasticsearch and logstash,rdfhdt/hdt-java,https://github.com/elastic/elasticsearch-support-diagnostics,HDT Java library and tools.,1

GoogleCloudPlatform/bigdata-interop,https://github.com/Conductor/kangaroo,Libraries and tools for interoperability between Hadoop-related open-source software and Google Cloud Platform.,Conductor/kangaroo,https://github.com/GoogleCloudPlatform/bigdata-interop,Hadoop utilities for Kafka; S3; and more,1
GoogleCloudPlatform/bigdata-interop,https://github.com/dashbuilder/dashbuilder,Libraries and tools for interoperability between Hadoop-related open-source software and Google Cloud Platform.,dashbuilder/dashbuilder,https://github.com/GoogleCloudPlatform/bigdata-interop,Dashboard composition tooling based on the Uberfire framework,1
GoogleCloudPlatform/bigdata-interop,https://github.com/Jaspersoft/jrs-rest-java-client,Libraries and tools for interoperability between Hadoop-related open-source software and Google Cloud Platform.,Jaspersoft/jrs-rest-java-client,https://github.com/GoogleCloudPlatform/bigdata-interop,Java Rest Client for JasperReports Server,1
GoogleCloudPlatform/bigdata-interop,https://github.com/subutai-io/base,Libraries and tools for interoperability between Hadoop-related open-source software and Google Cloud Platform.,subutai-io/base,https://github.com/GoogleCloudPlatform/bigdata-interop,Subutai is a next generation peer to peer (P2P) cloud computing and Internet of Thing platform. Subutai peers collaborate and share resources to create secure virtual environments tying together the shared network and machine resources across peers.,1
GoogleCloudPlatform/bigdata-interop,https://github.com/Aconex/scrutineer,Libraries and tools for interoperability between Hadoop-related open-source software and Google Cloud Platform.,Aconex/scrutineer,https://github.com/GoogleCloudPlatform/bigdata-interop,Compares a source of truth sorted stream with another to find mismatches.  Designed for verifying indexes such as ElasticSearch & Solr are synchronized with their source of data (usually a DB),1

huangchen007/elasticsearch-rest-command,https://github.com/ameizi/elasticsearch-jest-example,Restful pipeline command support plugin for Elasticsearch,ameizi/elasticsearch-jest-example,https://github.com/huangchen007/elasticsearch-rest-command,ElasticSearch Java Rest Client Examples,2
huangchen007/elasticsearch-rest-command,https://github.com/jprante/elasticsearch-plugin-rdf-jena,Restful pipeline command support plugin for Elasticsearch,jprante/elasticsearch-plugin-rdf-jena,https://github.com/huangchen007/elasticsearch-rest-command,Using Apache Jena API to store and retrieve RDF triples in Elasticsearch,3
huangchen007/elasticsearch-rest-command,https://github.com/AskNowQA/AutoSPARQL,Restful pipeline command support plugin for Elasticsearch,AskNowQA/AutoSPARQL,https://github.com/huangchen007/elasticsearch-rest-command,Warning: Not working at the moment. Maintainer on parental leave. AutoSPARQL allows to create SPARQL queries over RDF knowledge bases from natural language with low effort.,2
huangchen007/elasticsearch-rest-command,https://github.com/ontopia/ontopia,Restful pipeline command support plugin for Elasticsearch,ontopia/ontopia,https://github.com/huangchen007/elasticsearch-rest-command,The main ontopia code,1
huangchen007/elasticsearch-rest-command,https://github.com/GeeQuery/ef-orm,Restful pipeline command support plugin for Elasticsearch,GeeQuery/ef-orm,https://github.com/huangchen007/elasticsearch-rest-command,A lightweight OR-Mapping framework which supports multiple databases.,1

javanna/elasticsearch-river-solr,https://github.com/dCache/dcache,Solr River plugin for elasticsearch,dCache/dcache,https://github.com/javanna/elasticsearch-river-solr,dCache - a system for storing and retrieving huge amounts of data; distributed among a large number of heterogenous server nodes; under a single virtual filesystem tree with a variety of standard access methods,2
javanna/elasticsearch-river-solr,https://github.com/dadoonet/spring-elasticsearch,Solr River plugin for elasticsearch,dadoonet/spring-elasticsearch,https://github.com/javanna/elasticsearch-river-solr,Spring factories for elasticsearch,3
javanna/elasticsearch-river-solr,https://github.com/elastic/elasticsearch-metrics-reporter-java,Solr River plugin for elasticsearch,elastic/elasticsearch-metrics-reporter-java,https://github.com/javanna/elasticsearch-river-solr,Metrics reporter; which reports to elasticsearch,3
javanna/elasticsearch-river-solr,https://github.com/sonalgoyal/hiho,Solr River plugin for elasticsearch,sonalgoyal/hiho,https://github.com/javanna/elasticsearch-river-solr,Hadoop Data Integration with various databases; ftp servers; salesforce. Incremental update; dedup; append; merge your data on Hadoop.,1
javanna/elasticsearch-river-solr,https://github.com/commercetools/commercetools-jvm-sdk,Solr River plugin for elasticsearch,commercetools/commercetools-jvm-sdk,https://github.com/javanna/elasticsearch-river-solr,The e-commerce SDK from commercetools running on the Java virtual machine.,1

javanna/elasticshell,https://github.com/pac4j/vertx-pac4j,A javascript shell for elasticsearch,pac4j/vertx-pac4j,https://github.com/javanna/elasticshell,Security library for Vert.x 3: OAuth; CAS; SAML; OpenID Connect; LDAP; JWT...,1
javanna/elasticshell,https://github.com/YahooArchive/samoa,A javascript shell for elasticsearch,YahooArchive/samoa,https://github.com/javanna/elasticshell,SAMOA (Scalable Advanced Massive Online Analysis) is an open-source platform for mining big data streams.,1
javanna/elasticshell,https://github.com/RestOpenGov/RestOpenGov,A javascript shell for elasticsearch,RestOpenGov/RestOpenGov,https://github.com/javanna/elasticshell,Indexes static government data and exposes a REST API for it,2
javanna/elasticshell,https://github.com/square/moshi,A javascript shell for elasticsearch,square/moshi,https://github.com/javanna/elasticshell,A modern JSON library for Android and Java.,1
javanna/elasticshell,https://github.com/eBay/cassandra-river,A javascript shell for elasticsearch,eBay/cassandra-river,https://github.com/javanna/elasticshell,Cassandra river for Elastic search.,2

jt6211/hadoop-dns-mining,https://github.com/pranab/avenir, ,pranab/avenir,https://github.com/jt6211/hadoop-dns-mining,Set of Machine Learning and Stochastic Optimazion  tools based on Hadoop; Spark and Storm  https://pkghosh.wordpress.com/,2
jt6211/hadoop-dns-mining,https://github.com/chubbyjiang/MapReduce, ,chubbyjiang/MapReduce,https://github.com/jt6211/hadoop-dns-mining,MapReduce Demo,2
jt6211/hadoop-dns-mining,https://github.com/alexholmes/hiped2, ,alexholmes/hiped2,https://github.com/jt6211/hadoop-dns-mining,Source code that accompanies the book 'Hadoop in Practice; Second Edition'.,2
jt6211/hadoop-dns-mining,https://github.com/laserson/avro2parquet, ,laserson/avro2parquet,https://github.com/jt6211/hadoop-dns-mining,Hadoop MapReduce tool to convert Avro data files to Parquet format.,2
jt6211/hadoop-dns-mining,https://github.com/lintool/bespin, ,lintool/bespin,https://github.com/jt6211/hadoop-dns-mining,Reference implementations of 'big data' algorithms in MapReduce and Spark,2

KEN-LJQ/WMS,https://github.com/ameizi/solrj-example,一个基于Spring MVC、Spring、MyBatis、Shiro框架的仓库管理系统Demo。A warehouse management system implement with Spring MVC; Spring Framework;MyBstis;Shiro and MySQL   http://139.199.179.164:8080/WMS,ameizi/solrj-example,https://github.com/KEN-LJQ/WMS,solrj示例,3
KEN-LJQ/WMS,https://github.com/benas/todolist-mvc,一个基于Spring MVC、Spring、MyBatis、Shiro框架的仓库管理系统Demo。A warehouse management system implement with Spring MVC; Spring Framework;MyBstis;Shiro and MySQL   http://139.199.179.164:8080/WMS,benas/todolist-mvc,https://github.com/KEN-LJQ/WMS,Helping you select a Java MVC framework,3
KEN-LJQ/WMS,https://github.com/L316476844/springbootexample,一个基于Spring MVC、Spring、MyBatis、Shiro框架的仓库管理系统Demo。A warehouse management system implement with Spring MVC; Spring Framework;MyBstis;Shiro and MySQL   http://139.199.179.164:8080/WMS,L316476844/springbootexample,https://github.com/KEN-LJQ/WMS,springboot例子; 包含druid数据源; druid的sql监控; druid过滤; mybatis xml配置; mybatis分页插件; logback日志配置; springboot多环境配置; 发送邮件; AOP拦截; 过滤器 spring拦截器; 全局异常; 统一响应; 自定义事务; 动态数据源; 读写分离; Redis Session; redis缓存; xml注入spring boot无法扫描到的bean; actuator监控; kafka消息队列; Swagger2配置; dubbo注解方式; elasticsearch搜索引擎;,2
KEN-LJQ/WMS,https://github.com/socialsignin/spring-social-security-demo,一个基于Spring MVC、Spring、MyBatis、Shiro框架的仓库管理系统Demo。A warehouse management system implement with Spring MVC; Spring Framework;MyBstis;Shiro and MySQL   http://139.199.179.164:8080/WMS,socialsignin/spring-social-security-demo,https://github.com/KEN-LJQ/WMS,Spring Social Security Demo - using the default user local account persistence of Spring-Social-Security,1
KEN-LJQ/WMS,https://github.com/hengyunabc/xdiamond,一个基于Spring MVC、Spring、MyBatis、Shiro框架的仓库管理系统Demo。A warehouse management system implement with Spring MVC; Spring Framework;MyBstis;Shiro and MySQL   http://139.199.179.164:8080/WMS,hengyunabc/xdiamond,https://github.com/KEN-LJQ/WMS,全局配置中心,1

klarna/HiveRunner,https://github.com/NashLegend/SourceWall,An Open Source unit test framework for hadoop hive queries based on JUnit4,NashLegend/SourceWall,https://github.com/klarna/HiveRunner,果壳网第三方客户端，当前2.0.6,1
klarna/HiveRunner,https://github.com/Skarafaz/mercury,An Open Source unit test framework for hadoop hive queries based on JUnit4,Skarafaz/mercury,https://github.com/klarna/HiveRunner,Simple Android app that sends pre-configured commands to remote servers via SSH.,1
klarna/HiveRunner,https://github.com/yandex-qatools/embedded-services,An Open Source unit test framework for hadoop hive queries based on JUnit4,yandex-qatools/embedded-services,https://github.com/klarna/HiveRunner,Embedded MongoDB/PostgreSQL for your tests,3
klarna/HiveRunner,https://github.com/Capgemini/archaius-spring-adapter,An Open Source unit test framework for hadoop hive queries based on JUnit4,Capgemini/archaius-spring-adapter,https://github.com/klarna/HiveRunner,Bringing Archaius-goodness to the world of Spring,2
klarna/HiveRunner,https://github.com/Anchormen/sql4es,An Open Source unit test framework for hadoop hive queries based on JUnit4,Anchormen/sql4es,https://github.com/klarna/HiveRunner,sql4es: JDBC driver for Elasticsearch,3

Knewton/KassandraMRHelper,https://github.com/miniway/kafka-hadoop-consumer,Library for processing Cassandra SSTables with Hadoop MapReduce.,miniway/kafka-hadoop-consumer,https://github.com/Knewton/KassandraMRHelper,Another kafka-hadoop-consumer,2
Knewton/KassandraMRHelper,https://github.com/codegist/crest,Library for processing Cassandra SSTables with Hadoop MapReduce.,codegist/crest,https://github.com/Knewton/KassandraMRHelper,CRest - Client REST,2
Knewton/KassandraMRHelper,https://github.com/SpringOne2GX-2014/reactive-geocoder,Library for processing Cassandra SSTables with Hadoop MapReduce.,SpringOne2GX-2014/reactive-geocoder,https://github.com/Knewton/KassandraMRHelper,Reactive Geocoding Demo,1
Knewton/KassandraMRHelper,https://github.com/paymill/paymill-java,Library for processing Cassandra SSTables with Hadoop MapReduce.,paymill/paymill-java,https://github.com/Knewton/KassandraMRHelper,Java wrapper for Paymill API,1
Knewton/KassandraMRHelper,https://github.com/Conductor/kangaroo,Library for processing Cassandra SSTables with Hadoop MapReduce.,Conductor/kangaroo,https://github.com/Knewton/KassandraMRHelper,Hadoop utilities for Kafka; S3; and more,1

laserson/avro2parquet,https://github.com/alexholmes/hadoop-book,Hadoop MapReduce tool to convert Avro data files to Parquet format.,alexholmes/hadoop-book,https://github.com/laserson/avro2parquet,Source code to accompany the book 'Hadoop in Practice'; published by Manning.,2
laserson/avro2parquet,https://github.com/alexholmes/hadoop-utils,Hadoop MapReduce tool to convert Avro data files to Parquet format.,alexholmes/hadoop-utils,https://github.com/laserson/avro2parquet,A set of Hadoop utilities to make working with Hadoop a little easier.,2
laserson/avro2parquet,https://github.com/lintool/bespin,Hadoop MapReduce tool to convert Avro data files to Parquet format.,lintool/bespin,https://github.com/laserson/avro2parquet,Reference implementations of 'big data' algorithms in MapReduce and Spark,2
laserson/avro2parquet,https://github.com/jt6211/hadoop-dns-mining,Hadoop MapReduce tool to convert Avro data files to Parquet format.,jt6211/hadoop-dns-mining,https://github.com/laserson/avro2parquet, ,2
laserson/avro2parquet,https://github.com/alexholmes/hiped2,Hadoop MapReduce tool to convert Avro data files to Parquet format.,alexholmes/hiped2,https://github.com/laserson/avro2parquet,Source code that accompanies the book 'Hadoop in Practice; Second Edition'.,2

lintool/Ivory,https://github.com/lintool/bespin,A Hadoop toolkit for web-scale information retrieval research,lintool/bespin,https://github.com/lintool/Ivory,Reference implementations of 'big data' algorithms in MapReduce and Spark,3
lintool/Ivory,https://github.com/amient/kafka-hadoop-loader,A Hadoop toolkit for web-scale information retrieval research,amient/kafka-hadoop-loader,https://github.com/lintool/Ivory,Hadoop Job for schemaless incremental loading of messages from Kafka topics onto hdfs with configurable output partitioning.,2
lintool/Ivory,https://github.com/mhidaka/EventApp,A Hadoop toolkit for web-scale information retrieval research,mhidaka/EventApp,https://github.com/lintool/Ivory,ABC2013a用に作ったカンファレンス一覧アプリです。じんわりメンテしていく予定だよ,1
lintool/Ivory,https://github.com/lintool/Cloud9,A Hadoop toolkit for web-scale information retrieval research,lintool/Cloud9,https://github.com/lintool/Ivory,Cloud9 is a Hadoop toolkit for working with big data,3
lintool/Ivory,https://github.com/lintool/clueweb,A Hadoop toolkit for web-scale information retrieval research,lintool/clueweb,https://github.com/lintool/Ivory,Hadoop tools for manipulating ClueWeb collections,3

livrospringmvc/lojacasadocodigo,https://github.com/L316476844/springbootexample,versão da loja da casa do código usando o Spring MVC como framework,L316476844/springbootexample,https://github.com/livrospringmvc/lojacasadocodigo,springboot例子; 包含druid数据源; druid的sql监控; druid过滤; mybatis xml配置; mybatis分页插件; logback日志配置; springboot多环境配置; 发送邮件; AOP拦截; 过滤器 spring拦截器; 全局异常; 统一响应; 自定义事务; 动态数据源; 读写分离; Redis Session; redis缓存; xml注入spring boot无法扫描到的bean; actuator监控; kafka消息队列; Swagger2配置; dubbo注解方式; elasticsearch搜索引擎;,2
livrospringmvc/lojacasadocodigo,https://github.com/ryanhoo/StylishMusicPlayer,versão da loja da casa do código usando o Spring MVC como framework,ryanhoo/StylishMusicPlayer,https://github.com/livrospringmvc/lojacasadocodigo,A stylish music player for android device 16+,2
livrospringmvc/lojacasadocodigo,https://github.com/snakerflow/snaker-web,versão da loja da casa do código usando o Spring MVC como framework,snakerflow/snaker-web,https://github.com/livrospringmvc/lojacasadocodigo,snakerflow web application.,4
livrospringmvc/lojacasadocodigo,https://github.com/ncolomer/elasticsearch-osmosis-plugin,versão da loja da casa do código usando o Spring MVC como framework,ncolomer/elasticsearch-osmosis-plugin,https://github.com/livrospringmvc/lojacasadocodigo,An Osmosis plugin that index OpenStreetMap data into elasticsearch,1
livrospringmvc/lojacasadocodigo,https://github.com/skate056/spring-security-oauth2-google,versão da loja da casa do código usando o Spring MVC como framework,skate056/spring-security-oauth2-google,https://github.com/livrospringmvc/lojacasadocodigo,Sample Spring MVC web application which is secured by Spring Security OAuth2 + Google,2

mariamhakobyan/elasticsearch-river-kafka,https://github.com/qcri/Arabesque,Kafka River Plugin for ElasticSearch,qcri/Arabesque,https://github.com/mariamhakobyan/elasticsearch-river-kafka,Scalable Graph Mining,1
mariamhakobyan/elasticsearch-river-kafka,https://github.com/ameizi/elasticsearch-jest-example,Kafka River Plugin for ElasticSearch,ameizi/elasticsearch-jest-example,https://github.com/mariamhakobyan/elasticsearch-river-kafka,ElasticSearch Java Rest Client Examples,2
mariamhakobyan/elasticsearch-river-kafka,https://github.com/elastic/elasticsearch-support-diagnostics,Kafka River Plugin for ElasticSearch,elastic/elasticsearch-support-diagnostics,https://github.com/mariamhakobyan/elasticsearch-river-kafka,Support diagnostics utility for elasticsearch and logstash,2
mariamhakobyan/elasticsearch-river-kafka,https://github.com/thymeleaf/thymeleafexamples-springmail,Kafka River Plugin for ElasticSearch,thymeleaf/thymeleafexamples-springmail,https://github.com/mariamhakobyan/elasticsearch-river-kafka,SpringMail - Companion application for the 'Rich HTML email in Spring with Thymeleaf' article at the Thymeleaf website: http://www.thymeleaf.org/doc/articles/springmail.html,1
mariamhakobyan/elasticsearch-river-kafka,https://github.com/webdriverextensions/webdriverextensions,Kafka River Plugin for ElasticSearch,webdriverextensions/webdriverextensions,https://github.com/mariamhakobyan/elasticsearch-river-kafka,Make your WebDriver based Selenium tests more readable; reusability and maintainable by using WebDriver Extensions!,1

markzhai/LyricHere,https://github.com/rolandkrueger/vaadin-by-example,Local lyric-play support music player; includes a powerful LyricView,rolandkrueger/vaadin-by-example,https://github.com/markzhai/LyricHere,Learn Vaadin by working example projects.,1
markzhai/LyricHere,https://github.com/dsyer/spring-boot-ratpack,Local lyric-play support music player; includes a powerful LyricView,dsyer/spring-boot-ratpack,https://github.com/markzhai/LyricHere,Spring Boot wrapper for Ratpack,1
markzhai/LyricHere,https://github.com/h819/spring-boot,Local lyric-play support music player; includes a powerful LyricView,h819/spring-boot,https://github.com/markzhai/LyricHere,A Spring Boot Framework based JavaEE application; a Java Commons Utils; and more java practice. </br> Spring Boot;Spring MVC;Spring JPA;Spring Security;Spring Oauth;Hibernate;QueryDSL;PO to DTO </br> ZTree;Fuelux Tree;jqgird;flexpaper,1
markzhai/LyricHere,https://github.com/ryanhoo/StylishMusicPlayer,Local lyric-play support music player; includes a powerful LyricView,ryanhoo/StylishMusicPlayer,https://github.com/markzhai/LyricHere,A stylish music player for android device 16+,4
markzhai/LyricHere,https://github.com/ncolomer/elasticsearch-osmosis-plugin,Local lyric-play support music player; includes a powerful LyricView,ncolomer/elasticsearch-osmosis-plugin,https://github.com/markzhai/LyricHere,An Osmosis plugin that index OpenStreetMap data into elasticsearch,1

mesos/hadoop,https://github.com/excelsior-oss/restler,Hadoop on Mesos,excelsior-oss/restler,https://github.com/mesos/hadoop,Restler is a library that automatically generates a client for a web service at run time; by analyzing the respective annotated Spring controller interface,1
mesos/hadoop,https://github.com/evernote/android-state,Hadoop on Mesos,evernote/android-state,https://github.com/mesos/hadoop,A utility library for Android to save objects in a Bundle without any boilerplate.,1
mesos/hadoop,https://github.com/sps/mustache-spring-view,Hadoop on Mesos,sps/mustache-spring-view,https://github.com/mesos/hadoop,java spring framework mvc view for Mustache.js templates,1
mesos/hadoop,https://github.com/HubSpot/Rosetta,Hadoop on Mesos,HubSpot/Rosetta,https://github.com/mesos/hadoop,Java library that leverages Jackson to take the pain out of mapping objects to/from the DB; designed to integrate seamlessly with jDBI,1
mesos/hadoop,https://github.com/mjanicek/rembulan,Hadoop on Mesos,mjanicek/rembulan,https://github.com/mesos/hadoop,Rembulan; an implementation of Lua 5.3 for the Java Virtual Machine,1

neo4j-contrib/sparql-plugin,https://github.com/hopshadoop/hops, ,hopshadoop/hops,https://github.com/neo4j-contrib/sparql-plugin,Hops Hadoop is a distribution of Apache Hadoop with distributed metadata.,1
neo4j-contrib/sparql-plugin,https://github.com/pyvandenbussche/sparqles, ,pyvandenbussche/sparqles,https://github.com/neo4j-contrib/sparql-plugin,SPARQL Endpoint Status,2
neo4j-contrib/sparql-plugin,https://github.com/awslabs/emr-dynamodb-connector, ,awslabs/emr-dynamodb-connector,https://github.com/neo4j-contrib/sparql-plugin,Implementations of open source Apache Hadoop/Hive interfaces which allow for ingesting data from Amazon DynamoDB,1
neo4j-contrib/sparql-plugin,https://github.com/msathis/SQLToNoSQLImporter, ,msathis/SQLToNoSQLImporter,https://github.com/neo4j-contrib/sparql-plugin,Solr like data import handler to migrate data from sql systems to nosql,1
neo4j-contrib/sparql-plugin,https://github.com/Azure/azure-documentdb-hadoop, ,Azure/azure-documentdb-hadoop,https://github.com/neo4j-contrib/sparql-plugin, ,1

opendatasoft/elasticsearch-plugin-geoshape,https://github.com/octo-technology/sonar-objective-c, ,octo-technology/sonar-objective-c,https://github.com/opendatasoft/elasticsearch-plugin-geoshape,Sonar Plugin for Objective C,2
opendatasoft/elasticsearch-plugin-geoshape,https://github.com/brucezee/jspider, ,brucezee/jspider,https://github.com/opendatasoft/elasticsearch-plugin-geoshape,A simple; scalable; and highly efficient web crawler framework for Java.,1
opendatasoft/elasticsearch-plugin-geoshape,https://github.com/metsci/glimpse, ,metsci/glimpse,https://github.com/opendatasoft/elasticsearch-plugin-geoshape,Dynamic and Interactive Visualization of Big Data In Java and OpenGL,1
opendatasoft/elasticsearch-plugin-geoshape,https://github.com/SpongeBobSun/Prodigal, ,SpongeBobSun/Prodigal,https://github.com/opendatasoft/elasticsearch-plugin-geoshape,Music Player for Android which looks & feels like classic player,1
opendatasoft/elasticsearch-plugin-geoshape,https://github.com/zscott/MultiBitExchange, ,zscott/MultiBitExchange,https://github.com/opendatasoft/elasticsearch-plugin-geoshape,MultiBit Exchange,2

OpenTSDB/opentsdb-elasticsearch,https://github.com/Raizlabs/DBFlow,Search plugin for OpenTSDB,Raizlabs/DBFlow,https://github.com/OpenTSDB/opentsdb-elasticsearch,A blazing fast; powerful; and very simple ORM android database library that writes database code for you.,1
OpenTSDB/opentsdb-elasticsearch,https://github.com/ogrisel/pignlproc,Search plugin for OpenTSDB,ogrisel/pignlproc,https://github.com/OpenTSDB/opentsdb-elasticsearch,Apache Pig utilities to build training corpora for machine learning / NLP out of public Wikipedia and DBpedia dumps.,1
OpenTSDB/opentsdb-elasticsearch,https://github.com/davidsowerby/krail,Search plugin for OpenTSDB,davidsowerby/krail,https://github.com/OpenTSDB/opentsdb-elasticsearch,Rapid web app framework using Vaadin 7 integrated with Guice and Shiro,1
OpenTSDB/opentsdb-elasticsearch,https://github.com/allwefantasy/ServiceFramework,Search plugin for OpenTSDB,allwefantasy/ServiceFramework,https://github.com/OpenTSDB/opentsdb-elasticsearch,Java MVC framework; agile; fast; rich domain model; made especially for server side of mobile application (一个敏捷，快速，富领域模型的Java MVC 框架，专为 移动应用后端量身定做),1
OpenTSDB/opentsdb-elasticsearch,https://github.com/cukespace/cukespace,Search plugin for OpenTSDB,cukespace/cukespace,https://github.com/OpenTSDB/opentsdb-elasticsearch,Run your Cucumber features using Arquillian!,1

pentaho/big-data-plugin,https://github.com/Conductor/kangaroo,Kettle plugin that provides support for interacting within many 'big data' projects including Hadoop; Hive; HBase; Cassandra; MongoDB; and others.,Conductor/kangaroo,https://github.com/pentaho/big-data-plugin,Hadoop utilities for Kafka; S3; and more,2
pentaho/big-data-plugin,https://github.com/alexnederlof/Jasper-report-maven-plugin,Kettle plugin that provides support for interacting within many 'big data' projects including Hadoop; Hive; HBase; Cassandra; MongoDB; and others.,alexnederlof/Jasper-report-maven-plugin,https://github.com/pentaho/big-data-plugin,A fast jasper report maven plugin,1
pentaho/big-data-plugin,https://github.com/SpringOne2GX-2014/reactive-geocoder,Kettle plugin that provides support for interacting within many 'big data' projects including Hadoop; Hive; HBase; Cassandra; MongoDB; and others.,SpringOne2GX-2014/reactive-geocoder,https://github.com/pentaho/big-data-plugin,Reactive Geocoding Demo,1
pentaho/big-data-plugin,https://github.com/paymill/paymill-java,Kettle plugin that provides support for interacting within many 'big data' projects including Hadoop; Hive; HBase; Cassandra; MongoDB; and others.,paymill/paymill-java,https://github.com/pentaho/big-data-plugin,Java wrapper for Paymill API,1
pentaho/big-data-plugin,https://github.com/Knewton/KassandraMRHelper,Kettle plugin that provides support for interacting within many 'big data' projects including Hadoop; Hive; HBase; Cassandra; MongoDB; and others.,Knewton/KassandraMRHelper,https://github.com/pentaho/big-data-plugin,Library for processing Cassandra SSTables with Hadoop MapReduce.,3

pitchpoint-solutions/sfs,https://github.com/robinhowlett/chart-parser,The distributed object storage server used by PitchPoint Solutions to securely store billions of large and small files using minimal resources. Object data is stored in replicated volumes implemented like Facebooks Haystack Object Store. Object metadata which essentially maps an object name to a volume position is stored in an elasticsearch index.,robinhowlett/chart-parser,https://github.com/pitchpoint-solutions/sfs,Parses horse racing result charts,1
pitchpoint-solutions/sfs,https://github.com/spinscale/elasticsearch-suggest-plugin,The distributed object storage server used by PitchPoint Solutions to securely store billions of large and small files using minimal resources. Object data is stored in replicated volumes implemented like Facebooks Haystack Object Store. Object metadata which essentially maps an object name to a volume position is stored in an elasticsearch index.,spinscale/elasticsearch-suggest-plugin,https://github.com/pitchpoint-solutions/sfs,Plugin for elasticsearch which uses the lucene FSTSuggester,2
pitchpoint-solutions/sfs,https://github.com/SundeepK/CompactCalendarView,The distributed object storage server used by PitchPoint Solutions to securely store billions of large and small files using minimal resources. Object data is stored in replicated volumes implemented like Facebooks Haystack Object Store. Object metadata which essentially maps an object name to a volume position is stored in an elasticsearch index.,SundeepK/CompactCalendarView,https://github.com/pitchpoint-solutions/sfs,An android library which provides a compact calendar view much like the one used in google calenders.,1
pitchpoint-solutions/sfs,https://github.com/Freelander/ting,The distributed object storage server used by PitchPoint Solutions to securely store billions of large and small files using minimal resources. Object data is stored in replicated volumes implemented like Facebooks Haystack Object Store. Object metadata which essentially maps an object name to a volume position is stored in an elasticsearch index.,Freelander/ting,https://github.com/pitchpoint-solutions/sfs,Ting is material design music social media player app,1
pitchpoint-solutions/sfs,https://github.com/Saka7/spring-boot-angular4-boilerplate,The distributed object storage server used by PitchPoint Solutions to securely store billions of large and small files using minimal resources. Object data is stored in replicated volumes implemented like Facebooks Haystack Object Store. Object metadata which essentially maps an object name to a volume position is stored in an elasticsearch index.,Saka7/spring-boot-angular4-boilerplate,https://github.com/pitchpoint-solutions/sfs,Quickstart for spring boot + angular 4 projects,1

pranab/beymani,https://github.com/uber/hoodie,Hadoop and Storm based outlier analysis implementations for cyber security and fraud detection,uber/hoodie,https://github.com/pranab/beymani,Spark Library for Hadoop Upserts And Incrementals,1
pranab/beymani,https://github.com/pranab/chombo,Hadoop and Storm based outlier analysis implementations for cyber security and fraud detection,pranab/chombo,https://github.com/pranab/beymani,Big Data ETL and Utilities for Hadoop Map Reduce; Spark and Storm,4
pranab/beymani,https://github.com/pranab/avenir,Hadoop and Storm based outlier analysis implementations for cyber security and fraud detection,pranab/avenir,https://github.com/pranab/beymani,Set of Machine Learning and Stochastic Optimazion  tools based on Hadoop; Spark and Storm  https://pkghosh.wordpress.com/,4
pranab/beymani,https://github.com/pranab/sifarish,Hadoop and Storm based outlier analysis implementations for cyber security and fraud detection,pranab/sifarish,https://github.com/pranab/beymani,Content based and collaborative filtering based recommendation and personalization engine implementation on Hadoop and Storm,4
pranab/beymani,https://github.com/pmwmedia/tinylog,Hadoop and Storm based outlier analysis implementations for cyber security and fraud detection,pmwmedia/tinylog,https://github.com/pranab/beymani,tinylog is a lightweight logging framework for Java and Android.,1

psaravan/JamsMusicPlayer,https://github.com/alexholmes/hadoop-book,A free; powerful and elegant music player for Android.,alexholmes/hadoop-book,https://github.com/psaravan/JamsMusicPlayer,Source code to accompany the book 'Hadoop in Practice'; published by Manning.,1
psaravan/JamsMusicPlayer,https://github.com/confluentinc/camus,A free; powerful and elegant music player for Android.,confluentinc/camus,https://github.com/psaravan/JamsMusicPlayer,Mirror of Linkedin's Camus,1
psaravan/JamsMusicPlayer,https://github.com/dnmilne/wikipediaminer,A free; powerful and elegant music player for Android.,dnmilne/wikipediaminer,https://github.com/psaravan/JamsMusicPlayer,An open source toolkit for mining Wikipedia,1
psaravan/JamsMusicPlayer,https://github.com/jpatanooga/KnittingBoar,A free; powerful and elegant music player for Android.,jpatanooga/KnittingBoar,https://github.com/psaravan/JamsMusicPlayer,Parallel Iterative Algorithm (SGD) on Hadoop's YARN framework,1
psaravan/JamsMusicPlayer,https://github.com/emsixteeen/IterativeReduce,A free; powerful and elegant music player for Android.,emsixteeen/IterativeReduce,https://github.com/psaravan/JamsMusicPlayer,Iterative Reduce,1

pyvandenbussche/sparqles,https://github.com/rlf/uSkyBlock,SPARQL Endpoint Status,rlf/uSkyBlock,https://github.com/pyvandenbussche/sparqles,The best skyblock bukkit plugin around...,1
pyvandenbussche/sparqles,https://github.com/msathis/SQLToNoSQLImporter,SPARQL Endpoint Status,msathis/SQLToNoSQLImporter,https://github.com/pyvandenbussche/sparqles,Solr like data import handler to migrate data from sql systems to nosql,2
pyvandenbussche/sparqles,https://github.com/castagna/jena-grande,SPARQL Endpoint Status,castagna/jena-grande,https://github.com/pyvandenbussche/sparqles, ,2
pyvandenbussche/sparqles,https://github.com/yatatsu/AutoBundle,SPARQL Endpoint Status,yatatsu/AutoBundle,https://github.com/pyvandenbussche/sparqles,AutoBundle generates boilerplate code for field binding with android.os.Bundle,1
pyvandenbussche/sparqles,https://github.com/neo4j-contrib/sparql-plugin,SPARQL Endpoint Status,neo4j-contrib/sparql-plugin,https://github.com/pyvandenbussche/sparqles, ,2

sayems/java.webdriver,https://github.com/goldmansachs/reladomo,Browser test automation using Selenium WebDriver in Java,goldmansachs/reladomo,https://github.com/sayems/java.webdriver,Reladomo is an enterprise grade object-relational mapping framework for Java.,1
sayems/java.webdriver,https://github.com/LinuxSuRen/phoenix.webui.framework,Browser test automation using Selenium WebDriver in Java,LinuxSuRen/phoenix.webui.framework,https://github.com/sayems/java.webdriver,基于WebDriver的WebUI自动化测试框架,3
sayems/java.webdriver,https://github.com/jbrisbin/vcloud,Browser test automation using Selenium WebDriver in Java,jbrisbin/vcloud,https://github.com/sayems/java.webdriver,Utilities for working in virtual cloud environments.,3
sayems/java.webdriver,https://github.com/elastic/elasticsearch-support-diagnostics,Browser test automation using Selenium WebDriver in Java,elastic/elasticsearch-support-diagnostics,https://github.com/sayems/java.webdriver,Support diagnostics utility for elasticsearch and logstash,2
sayems/java.webdriver,https://github.com/mraible/boot-makeover,Browser test automation using Selenium WebDriver in Java,mraible/boot-makeover,https://github.com/sayems/java.webdriver,A Webapp Makeover with Spring 4 and Spring Boot,2

selenium-cucumber/selenium-cucumber-java,https://github.com/Skarafaz/mercury,Behavior driven development (BDD) approach to write automation test scripts to test web applications.,Skarafaz/mercury,https://github.com/selenium-cucumber/selenium-cucumber-java,Simple Android app that sends pre-configured commands to remote servers via SSH.,1
selenium-cucumber/selenium-cucumber-java,https://github.com/asakusafw/asakusafw,Behavior driven development (BDD) approach to write automation test scripts to test web applications.,asakusafw/asakusafw,https://github.com/selenium-cucumber/selenium-cucumber-java,Asakusa Framework,3
selenium-cucumber/selenium-cucumber-java,https://github.com/jcabi/jcabi-xml,Behavior driven development (BDD) approach to write automation test scripts to test web applications.,jcabi/jcabi-xml,https://github.com/selenium-cucumber/selenium-cucumber-java,Java XML Parsing; Transforming; Printing; and Validating,2
selenium-cucumber/selenium-cucumber-java,https://github.com/jamesmorgan/ReloadablePropertiesAnnotation,Behavior driven development (BDD) approach to write automation test scripts to test web applications.,jamesmorgan/ReloadablePropertiesAnnotation,https://github.com/selenium-cucumber/selenium-cucumber-java,Dynamic property configurations reload during runtime utilising Java 7 WatchService API; Google Guava and Spring 3.2.5,4
selenium-cucumber/selenium-cucumber-java,https://github.com/zalando-stups/java-sproc-wrapper,Behavior driven development (BDD) approach to write automation test scripts to test web applications.,zalando-stups/java-sproc-wrapper,https://github.com/selenium-cucumber/selenium-cucumber-java,Java Stored Procedure Wrapper: Calling PostgreSQL stored procedures from Java,2

seleniumQuery/seleniumQuery,https://github.com/Ardesco/selenium-standalone-server-plugin,jQuery-like cross-driver interface in Java for Selenium WebDriver,Ardesco/selenium-standalone-server-plugin,https://github.com/seleniumQuery/seleniumQuery,A Maven plugin that will download the WebDriver stand alone server executables for use in your mavenised Selenium project.,3
seleniumQuery/seleniumQuery,https://github.com/tkaczmarzyk/specification-arg-resolver,jQuery-like cross-driver interface in Java for Selenium WebDriver,tkaczmarzyk/specification-arg-resolver,https://github.com/seleniumQuery/seleniumQuery,An alternative API for filtering data with Spring MVC & Spring Data JPA,2
seleniumQuery/seleniumQuery,https://github.com/klarna/HiveRunner,jQuery-like cross-driver interface in Java for Selenium WebDriver,klarna/HiveRunner,https://github.com/seleniumQuery/seleniumQuery,An Open Source unit test framework for hadoop hive queries based on JUnit4,2
seleniumQuery/seleniumQuery,https://github.com/vhyza/elasticsearch-analysis-lemmagen,jQuery-like cross-driver interface in Java for Selenium WebDriver,vhyza/elasticsearch-analysis-lemmagen,https://github.com/seleniumQuery/seleniumQuery,Elasticsearch lemmatizer for 15 languages,2
seleniumQuery/seleniumQuery,https://github.com/vert-x/vertx-maven,jQuery-like cross-driver interface in Java for Selenium WebDriver,vert-x/vertx-maven,https://github.com/seleniumQuery/seleniumQuery,Vert.x 2.x is deprecated - use instead,1

sonalgoyal/hiho,https://github.com/jcabi/jcabi-xml,Hadoop Data Integration with various databases; ftp servers; salesforce. Incremental update; dedup; append; merge your data on Hadoop.,jcabi/jcabi-xml,https://github.com/sonalgoyal/hiho,Java XML Parsing; Transforming; Printing; and Validating,1
sonalgoyal/hiho,https://github.com/zalando-stups/java-sproc-wrapper,Hadoop Data Integration with various databases; ftp servers; salesforce. Incremental update; dedup; append; merge your data on Hadoop.,zalando-stups/java-sproc-wrapper,https://github.com/sonalgoyal/hiho,Java Stored Procedure Wrapper: Calling PostgreSQL stored procedures from Java,2
sonalgoyal/hiho,https://github.com/dCache/dcache,Hadoop Data Integration with various databases; ftp servers; salesforce. Incremental update; dedup; append; merge your data on Hadoop.,dCache/dcache,https://github.com/sonalgoyal/hiho,dCache - a system for storing and retrieving huge amounts of data; distributed among a large number of heterogenous server nodes; under a single virtual filesystem tree with a variety of standard access methods,1
sonalgoyal/hiho,https://github.com/waylau/RestDemo,Hadoop Data Integration with various databases; ftp servers; salesforce. Incremental update; dedup; append; merge your data on Hadoop.,waylau/RestDemo,https://github.com/sonalgoyal/hiho,RESTful Web Service Demos  with Jersey ;Hibernate;Mysql;SQLserver;jQuery;AangularJS;Boostrap...构建REST服务（实例）,1
sonalgoyal/hiho,https://github.com/Ardesco/selenium-standalone-server-plugin,Hadoop Data Integration with various databases; ftp servers; salesforce. Incremental update; dedup; append; merge your data on Hadoop.,Ardesco/selenium-standalone-server-plugin,https://github.com/sonalgoyal/hiho,A Maven plugin that will download the WebDriver stand alone server executables for use in your mavenised Selenium project.,1

sonian/elasticsearch-jetty,https://github.com/darren-fu/RestyPass, ,darren-fu/RestyPass,https://github.com/sonian/elasticsearch-jetty,High performance Restful services call client library; support service discovery; load balance; circuit breaker; service fallback; retry; traffic limit.,1
sonian/elasticsearch-jetty,https://github.com/bazaarvoice/jolt, ,bazaarvoice/jolt,https://github.com/sonian/elasticsearch-jetty,JSON to JSON transformation library written in Java.,1
sonian/elasticsearch-jetty,https://github.com/TelluIoT/ThingML, ,TelluIoT/ThingML,https://github.com/sonian/elasticsearch-jetty,The ThingML modelling language,2
sonian/elasticsearch-jetty,https://github.com/twitter/bookkeeper, ,twitter/bookkeeper,https://github.com/sonian/elasticsearch-jetty,Twitter's fork of Apache BookKeeper (will push changes upstream eventually),1
sonian/elasticsearch-jetty,https://github.com/spotify/hdfs2cass, ,spotify/hdfs2cass,https://github.com/sonian/elasticsearch-jetty,Hadoop mapreduce job to bulk load data into Cassandra,1

spring-projects/spring-mvc-showcase,https://github.com/jcabi/jcabi-xml,Demonstrates the features of the Spring MVC web framework,jcabi/jcabi-xml,https://github.com/spring-projects/spring-mvc-showcase,Java XML Parsing; Transforming; Printing; and Validating,1
spring-projects/spring-mvc-showcase,https://github.com/davidB/metrics-influxdb,Demonstrates the features of the Spring MVC web framework,davidB/metrics-influxdb,https://github.com/spring-projects/spring-mvc-showcase,A reporter for metrics which announces measurements to an InfluxDB server.,2
spring-projects/spring-mvc-showcase,https://github.com/jamesmorgan/ReloadablePropertiesAnnotation,Demonstrates the features of the Spring MVC web framework,jamesmorgan/ReloadablePropertiesAnnotation,https://github.com/spring-projects/spring-mvc-showcase,Dynamic property configurations reload during runtime utilising Java 7 WatchService API; Google Guava and Spring 3.2.5,3
spring-projects/spring-mvc-showcase,https://github.com/zalando-stups/java-sproc-wrapper,Demonstrates the features of the Spring MVC web framework,zalando-stups/java-sproc-wrapper,https://github.com/spring-projects/spring-mvc-showcase,Java Stored Procedure Wrapper: Calling PostgreSQL stored procedures from Java,3
spring-projects/spring-mvc-showcase,https://github.com/Skarafaz/mercury,Demonstrates the features of the Spring MVC web framework,Skarafaz/mercury,https://github.com/spring-projects/spring-mvc-showcase,Simple Android app that sends pre-configured commands to remote servers via SSH.,1

SpringDataElasticsearchDevs/spring-data-elasticsearch,https://github.com/L316476844/springbootexample,Spring Data implementation for ElasticSearch,L316476844/springbootexample,https://github.com/SpringDataElasticsearchDevs/spring-data-elasticsearch,springboot例子; 包含druid数据源; druid的sql监控; druid过滤; mybatis xml配置; mybatis分页插件; logback日志配置; springboot多环境配置; 发送邮件; AOP拦截; 过滤器 spring拦截器; 全局异常; 统一响应; 自定义事务; 动态数据源; 读写分离; Redis Session; redis缓存; xml注入spring boot无法扫描到的bean; actuator监控; kafka消息队列; Swagger2配置; dubbo注解方式; elasticsearch搜索引擎;,1
SpringDataElasticsearchDevs/spring-data-elasticsearch,https://github.com/nasa/MCT-Plugins,Spring Data implementation for ElasticSearch,nasa/MCT-Plugins,https://github.com/SpringDataElasticsearchDevs/spring-data-elasticsearch, ,1
SpringDataElasticsearchDevs/spring-data-elasticsearch,https://github.com/darren-fu/RestyPass,Spring Data implementation for ElasticSearch,darren-fu/RestyPass,https://github.com/SpringDataElasticsearchDevs/spring-data-elasticsearch,High performance Restful services call client library; support service discovery; load balance; circuit breaker; service fallback; retry; traffic limit.,3
SpringDataElasticsearchDevs/spring-data-elasticsearch,https://github.com/ryanhoo/StylishMusicPlayer,Spring Data implementation for ElasticSearch,ryanhoo/StylishMusicPlayer,https://github.com/SpringDataElasticsearchDevs/spring-data-elasticsearch,A stylish music player for android device 16+,1
SpringDataElasticsearchDevs/spring-data-elasticsearch,https://github.com/PeterKnego/LeanEngine-Server,Spring Data implementation for ElasticSearch,PeterKnego/LeanEngine-Server,https://github.com/SpringDataElasticsearchDevs/spring-data-elasticsearch,LeanEngine GAE Server,1

SubstanceMobile/GEM,https://github.com/Knewton/KassandraMRHelper,A music player for Android; in stunning Material Design.,Knewton/KassandraMRHelper,https://github.com/SubstanceMobile/GEM,Library for processing Cassandra SSTables with Hadoop MapReduce.,1
SubstanceMobile/GEM,https://github.com/codegist/crest,A music player for Android; in stunning Material Design.,codegist/crest,https://github.com/SubstanceMobile/GEM,CRest - Client REST,1
SubstanceMobile/GEM,https://github.com/Aconex/scrutineer,A music player for Android; in stunning Material Design.,Aconex/scrutineer,https://github.com/SubstanceMobile/GEM,Compares a source of truth sorted stream with another to find mismatches.  Designed for verifying indexes such as ElasticSearch & Solr are synchronized with their source of data (usually a DB),1
SubstanceMobile/GEM,https://github.com/Conductor/kangaroo,A music player for Android; in stunning Material Design.,Conductor/kangaroo,https://github.com/SubstanceMobile/GEM,Hadoop utilities for Kafka; S3; and more,1
SubstanceMobile/GEM,https://github.com/SpringOne2GX-2014/reactive-geocoder,A music player for Android; in stunning Material Design.,SpringOne2GX-2014/reactive-geocoder,https://github.com/SubstanceMobile/GEM,Reactive Geocoding Demo,1

testIT-WebTester/webtester-core,https://github.com/HearthStats/HearthStats.net-Uploader,Java 6/7 version of WebTester,HearthStats/HearthStats.net-Uploader,https://github.com/testIT-WebTester/webtester-core,Auto uploader for HearthStats.net,2
testIT-WebTester/webtester-core,https://github.com/naman14/Timber,Java 6/7 version of WebTester,naman14/Timber,https://github.com/testIT-WebTester/webtester-core,Material Design Music Player,1
testIT-WebTester/webtester-core,https://github.com/SpringDataElasticsearchDevs/spring-data-elasticsearch,Java 6/7 version of WebTester,SpringDataElasticsearchDevs/spring-data-elasticsearch,https://github.com/testIT-WebTester/webtester-core,Spring Data implementation for ElasticSearch,2
testIT-WebTester/webtester-core,https://github.com/threerings/nenya,Java 6/7 version of WebTester,threerings/nenya,https://github.com/testIT-WebTester/webtester-core,Components for Java 2D; isometric and 3D games.,1
testIT-WebTester/webtester-core,https://github.com/zanata/zanata-platform,Java 6/7 version of WebTester,zanata/zanata-platform,https://github.com/testIT-WebTester/webtester-core,Zanata is a web-based system for translators to translate documentation and software online using a web browser.,2

TheAndroidMaster/Pasta-Music,https://github.com/livrospringmvc/lojacasadocodigo,A material design music player for Android; based off Pasta for Spotify,livrospringmvc/lojacasadocodigo,https://github.com/TheAndroidMaster/Pasta-Music,versão da loja da casa do código usando o Spring MVC como framework,1
TheAndroidMaster/Pasta-Music,https://github.com/Norconex/collector-http,A material design music player for Android; based off Pasta for Spotify,Norconex/collector-http,https://github.com/TheAndroidMaster/Pasta-Music,Norconex HTTP Collector is a flexible web crawler for collecting; parsing; and manipulating data from the Internet (or Intranet) to various data repositories such as search engines.,1
TheAndroidMaster/Pasta-Music,https://github.com/JMaNGOS/JMaNGOS,A material design music player for Android; based off Pasta for Spotify,JMaNGOS/JMaNGOS,https://github.com/TheAndroidMaster/Pasta-Music,JMaNGOS is a full featured World of Warcraft server; including authentication; client updates; and world content serving. JMaNGOS is not a MaNGOS on Java. It's a new way.,1
TheAndroidMaster/Pasta-Music,https://github.com/Xorlev/gatekeeper,A material design music player for Android; based off Pasta for Spotify,Xorlev/gatekeeper,https://github.com/TheAndroidMaster/Pasta-Music,NGINX co-process for SOA architectures,1
TheAndroidMaster/Pasta-Music,https://github.com/snakerflow/snaker-web,A material design music player for Android; based off Pasta for Spotify,snakerflow/snaker-web,https://github.com/TheAndroidMaster/Pasta-Music,snakerflow web application.,1

webdriverextensions/webdriverextensions,https://github.com/kakaochatfriend/KakaoChatFriendAPI,Make your WebDriver based Selenium tests more readable; reusability and maintainable by using WebDriver Extensions!,kakaochatfriend/KakaoChatFriendAPI,https://github.com/webdriverextensions/webdriverextensions,카카오 채팅 친구 API 구현 라이브러리,1
webdriverextensions/webdriverextensions,https://github.com/blackberry/KaBoom,Make your WebDriver based Selenium tests more readable; reusability and maintainable by using WebDriver Extensions!,blackberry/KaBoom,https://github.com/webdriverextensions/webdriverextensions,A High Performance Cluster Consumer for Kafka that creates Avro (boom) files in Hadoop in time based directory paths,1
webdriverextensions/webdriverextensions,https://github.com/unchiujar/Umbra,Make your WebDriver based Selenium tests more readable; reusability and maintainable by using WebDriver Extensions!,unchiujar/Umbra,https://github.com/webdriverextensions/webdriverextensions,Umbra is a exploration application based on the the Fog Of War concept used in strategy games. 	  	On the map the unexplored area is displayed grayed out while the explored part is clear. The application needs a GPS fix in order 	to mark an area as explored as the accuracy from the other location sources is not good enough. Currently the minimum accuracy needed 	for saving the explored area is set at 100 m (600 feet). The accuracy is displayed as a disc around the current position. 	Umbra saves your exploration in an internal database (nothing is sent over the network).,1
webdriverextensions/webdriverextensions,https://github.com/elastic/elasticsearch-support-diagnostics,Make your WebDriver based Selenium tests more readable; reusability and maintainable by using WebDriver Extensions!,elastic/elasticsearch-support-diagnostics,https://github.com/webdriverextensions/webdriverextensions,Support diagnostics utility for elasticsearch and logstash,1
webdriverextensions/webdriverextensions,https://github.com/mariamhakobyan/elasticsearch-river-kafka,Make your WebDriver based Selenium tests more readable; reusability and maintainable by using WebDriver Extensions!,mariamhakobyan/elasticsearch-river-kafka,https://github.com/webdriverextensions/webdriverextensions,Kafka River Plugin for ElasticSearch,1

white-cat/jeeweb,https://github.com/yandex-qatools/embedded-services,JEEWEB是一款基于SpringMVC+Spring+Hibernate的JAVA WEB敏捷开发系统；它是一款具有代码生成功能的智能快速开发平台；是以Spring Framework为核心容器，Spring MVC为模型视图控制器，Hibernate为数据访问层， Apache Shiro为权限授权层，Ehcahe对常用数据进行缓存，Disruptor作为并发框架，Bootstrap作为前端框架的优秀开源系统。,yandex-qatools/embedded-services,https://github.com/white-cat/jeeweb,Embedded MongoDB/PostgreSQL for your tests,2
white-cat/jeeweb,https://github.com/jcabi/jcabi-xml,JEEWEB是一款基于SpringMVC+Spring+Hibernate的JAVA WEB敏捷开发系统；它是一款具有代码生成功能的智能快速开发平台；是以Spring Framework为核心容器，Spring MVC为模型视图控制器，Hibernate为数据访问层， Apache Shiro为权限授权层，Ehcahe对常用数据进行缓存，Disruptor作为并发框架，Bootstrap作为前端框架的优秀开源系统。,jcabi/jcabi-xml,https://github.com/white-cat/jeeweb,Java XML Parsing; Transforming; Printing; and Validating,1
white-cat/jeeweb,https://github.com/asakusafw/asakusafw,JEEWEB是一款基于SpringMVC+Spring+Hibernate的JAVA WEB敏捷开发系统；它是一款具有代码生成功能的智能快速开发平台；是以Spring Framework为核心容器，Spring MVC为模型视图控制器，Hibernate为数据访问层， Apache Shiro为权限授权层，Ehcahe对常用数据进行缓存，Disruptor作为并发框架，Bootstrap作为前端框架的优秀开源系统。,asakusafw/asakusafw,https://github.com/white-cat/jeeweb,Asakusa Framework,2
white-cat/jeeweb,https://github.com/jamesmorgan/ReloadablePropertiesAnnotation,JEEWEB是一款基于SpringMVC+Spring+Hibernate的JAVA WEB敏捷开发系统；它是一款具有代码生成功能的智能快速开发平台；是以Spring Framework为核心容器，Spring MVC为模型视图控制器，Hibernate为数据访问层， Apache Shiro为权限授权层，Ehcahe对常用数据进行缓存，Disruptor作为并发框架，Bootstrap作为前端框架的优秀开源系统。,jamesmorgan/ReloadablePropertiesAnnotation,https://github.com/white-cat/jeeweb,Dynamic property configurations reload during runtime utilising Java 7 WatchService API; Google Guava and Spring 3.2.5,2
white-cat/jeeweb,https://github.com/zalando-stups/java-sproc-wrapper,JEEWEB是一款基于SpringMVC+Spring+Hibernate的JAVA WEB敏捷开发系统；它是一款具有代码生成功能的智能快速开发平台；是以Spring Framework为核心容器，Spring MVC为模型视图控制器，Hibernate为数据访问层， Apache Shiro为权限授权层，Ehcahe对常用数据进行缓存，Disruptor作为并发框架，Bootstrap作为前端框架的优秀开源系统。,zalando-stups/java-sproc-wrapper,https://github.com/white-cat/jeeweb,Java Stored Procedure Wrapper: Calling PostgreSQL stored procedures from Java,3

xebia/Xebium,https://github.com/bupt1987/JgFramework,Xebium provides Selenium (webdriver) bindings for FitNesse; with Selenium-IDE support,bupt1987/JgFramework,https://github.com/xebia/Xebium,基于Netty的强大的游戏服务器框架,1
xebia/Xebium,https://github.com/pkliang/gankmaku,Xebium provides Selenium (webdriver) bindings for FitNesse; with Selenium-IDE support,pkliang/gankmaku,https://github.com/xebia/Xebium,An Android client sample of gank.io 福利,1
xebia/Xebium,https://github.com/kijiproject/kiji-bento,Xebium provides Selenium (webdriver) bindings for FitNesse; with Selenium-IDE support,kijiproject/kiji-bento,https://github.com/xebia/Xebium,Kiji BentoBox: Developer SDK for Kiji including a standalone zero-configuration HBase micro-cluster,1
xebia/Xebium,https://github.com/rdfhdt/hdt-java,Xebium provides Selenium (webdriver) bindings for FitNesse; with Selenium-IDE support,rdfhdt/hdt-java,https://github.com/xebia/Xebium,HDT Java library and tools.,1
xebia/Xebium,https://github.com/P7h/storm-camel-example,Xebium provides Selenium (webdriver) bindings for FitNesse; with Selenium-IDE support,P7h/storm-camel-example,https://github.com/xebia/Xebium,Real-time analysis and visualization with Storm-AMQ-Camel-Websockets-Highcharts integration.,2
